{
  "panel_rows": 32350,
  "panel_unique_stkcd": 3915,
  "panel_year_min": 2010,
  "panel_year_max": 2025,
  "financial_coverage_ratio": 0.9927357032457497,
  "rating_coverage_ratio": 0.13060278207109738,
  "guarantee_exposure_ratio": 0.40853168469860895
}