{
  "val@0.5": {
    "auc": 0.821689708141321,
    "ap": 0.2945261470811717,
    "f1": 0.3417085427135678,
    "precision": 0.24817518248175183,
    "recall": 0.5483870967741935,
    "positive_rate": 0.05575539544224739,
    "threshold": 0.5,
    "precision@0.01": 0.5454545454545454,
    "recall@0.01": 0.09677419066429138,
    "precision@0.05": 0.3392857142857143,
    "recall@0.05": 0.30645161867141724,
    "precision@0.10": 0.26126126126126126,
    "recall@0.10": 0.4677419364452362
  },
  "test@0.5": {
    "auc": 0.7723884598884598,
    "ap": 0.16730405081824196,
    "f1": 0.18181818181818182,
    "precision": 0.125,
    "recall": 0.3333333333333333,
    "positive_rate": 0.04516129195690155,
    "threshold": 0.5,
    "precision@0.01": 0.3333333333333333,
    "recall@0.01": 0.0714285746216774,
    "precision@0.05": 0.17391304347826086,
    "recall@0.05": 0.190476194024086,
    "precision@0.10": 0.13978494623655913,
    "recall@0.10": 0.3095238208770752
  },
  "best_threshold_by_val_f1": 0.57,
  "val@tuned": {
    "auc": 0.821689708141321,
    "ap": 0.2945261470811717,
    "f1": 0.3522727272727273,
    "precision": 0.2719298245614035,
    "recall": 0.5,
    "positive_rate": 0.05575539544224739,
    "threshold": 0.57,
    "precision@0.01": 0.5454545454545454,
    "recall@0.01": 0.09677419066429138,
    "precision@0.05": 0.3392857142857143,
    "recall@0.05": 0.30645161867141724,
    "precision@0.10": 0.26126126126126126,
    "recall@0.10": 0.4677419364452362
  },
  "test@tuned": {
    "auc": 0.7723884598884598,
    "ap": 0.16730405081824196,
    "f1": 0.18705035971223022,
    "precision": 0.13402061855670103,
    "recall": 0.30952380952380953,
    "positive_rate": 0.04516129195690155,
    "threshold": 0.57,
    "precision@0.01": 0.3333333333333333,
    "recall@0.01": 0.0714285746216774,
    "precision@0.05": 0.17391304347826086,
    "recall@0.05": 0.190476194024086,
    "precision@0.10": 0.13978494623655913,
    "recall@0.10": 0.3095238208770752
  },
  "train_rows": 698,
  "val_rows": 1112,
  "test_rows": 930,
  "best_val_ap": 0.2945261470811717,
  "epochs_ran": 57
}