src_id,dst_id,weight,guarantee_amount_sum,guarantee_event_cnt
121,1865,8.785845337961213,6540.0,4
1021,556,1.0,0.0,1
2297,2786,9.071193240566025,8700.0,2
