src_id,dst_id,weight,guarantee_amount_sum,guarantee_event_cnt
121,1865,7.75833346749091,2340.0,2
364,16,9.392745258631441,12000.0,3
2297,2786,8.743595427445367,6269.4,1
