src_id,dst_id,weight,guarantee_amount_sum,guarantee_event_cnt
364,16,10.118639253920785,24800.0,12
2212,2165,11.184435286790631,72000.0,1
