src_id,dst_id,weight,guarantee_amount_sum,guarantee_event_cnt
364,16,9.105090961257085,9000.0,5
2212,2165,10.729875458480967,45700.0,1
