src_id,dst_id,weight,guarantee_amount_sum,guarantee_event_cnt
190,1983,12.604852121186608,298000.0,3
529,986,10.990381448250039,59300.0,4
1487,108,1.0,0.0,1
