{
  "baseline_rf": {
    "val_auc": 0.8221735791090629,
    "val_ap": 0.4023050978317152,
    "test_auc": 0.7104247104247103,
    "test_ap": 0.2115069346341112
  },
  "dgl_old": {
    "val_auc": 0.5611136712749617,
    "val_ap": 0.09226323003622092,
    "test_auc": 0.5396691334191335,
    "test_ap": 0.048894390575427396
  },
  "dgl_improved_v10_all_notab_bce_w6_h128": {
    "val_auc": 0.821689708141321,
    "val_ap": 0.2945261470811717,
    "test_auc": 0.7723884598884598,
    "test_ap": 0.16730405081824196,
    "best_threshold": 0.57,
    "test_f1_tuned": 0.18705035971223022
  },
  "dgl_improved_v10s2026_all_notab_bce_w6_h128": {
    "val_auc": 0.8078187403993855,
    "val_ap": 0.29931222447195216,
    "test_auc": 0.7247962247962247,
    "test_ap": 0.13129630429817613,
    "best_threshold": 0.8899999999999999,
    "test_f1_tuned": 0.18348623853211007
  },
  "dgl_improved_v10s7_all_notab_bce_w6_h128": {
    "val_auc": 0.8063133640552995,
    "val_ap": 0.2727448981479579,
    "test_auc": 0.7509920634920635,
    "test_ap": 0.140260778488718,
    "best_threshold": 0.7799999999999999,
    "test_f1_tuned": 0.19402985074626866
  },
  "dgl_improved_v1_w3_h96": {
    "val_auc": 0.7993548387096774,
    "val_ap": 0.19936314652320575,
    "test_auc": 0.6957582582582582,
    "test_ap": 0.10168259562516684,
    "best_threshold": 0.4699999999999999,
    "test_f1_tuned": 0.15602836879432622
  },
  "dgl_improved_v2_w5_h128": {
    "val_auc": 0.7925806451612902,
    "val_ap": 0.2675578102239443,
    "test_auc": 0.7513942513942513,
    "test_ap": 0.10978047247480559,
    "best_threshold": 0.7499999999999999,
    "test_f1_tuned": 0.16296296296296298
  },
  "dgl_improved_v3_w4_h128": {
    "val_auc": 0.7770967741935484,
    "val_ap": 0.2564121046574277,
    "test_auc": 0.7191119691119692,
    "test_ap": 0.1525390015670223,
    "best_threshold": 0.48999999999999994,
    "test_f1_tuned": 0.18181818181818182
  },
  "dgl_improved_v4_all_tab_bce_w5_h128": {
    "val_auc": 0.8094623655913977,
    "val_ap": 0.2983845407958849,
    "test_auc": 0.7598670098670098,
    "test_ap": 0.13449586738038827,
    "best_threshold": 0.7499999999999999,
    "test_f1_tuned": 0.14953271028037382
  },
  "dgl_improved_v5_all_tab_focal_w5_h128": {
    "val_auc": 0.8111827956989246,
    "val_ap": 0.29439775238856786,
    "test_auc": 0.7571857571857572,
    "test_ap": 0.1290011708053777,
    "best_threshold": 0.62,
    "test_f1_tuned": 0.1686746987951807
  },
  "dgl_improved_v6_no_co_tab_focal_w4_h96": {
    "val_auc": 0.8,
    "val_ap": 0.22522789249909986,
    "test_auc": 0.759411196911197,
    "test_ap": 0.12272485993315173,
    "best_threshold": 0.5199999999999999,
    "test_f1_tuned": 0.1758241758241758
  },
  "dgl_improved_v7_co_only_tab_focal_w4_h128": {
    "val_auc": 0.812457757296467,
    "val_ap": 0.28611460033070346,
    "test_auc": 0.7671332046332047,
    "test_ap": 0.1312923702813016,
    "best_threshold": 0.58,
    "test_f1_tuned": 0.08988764044943819
  },
  "dgl_improved_v8_co_only_notab_w5_h128": {
    "val_auc": 0.7999692780337941,
    "val_ap": 0.28051232964458334,
    "test_auc": 0.7327595452595452,
    "test_ap": 0.13118700056622548,
    "best_threshold": 0.71,
    "test_f1_tuned": 0.19047619047619047
  },
  "dgl_improved_v9_all_notab_focal_w4_h160": {
    "val_auc": 0.7855145929339478,
    "val_ap": 0.261644889929524,
    "test_auc": 0.7360306735306734,
    "test_ap": 0.13038789126085804,
    "best_threshold": 0.35999999999999993,
    "test_f1_tuned": 0.1818181818181818
  },
  "best_improved_by_test_ap": {
    "exp": "dgl_improved_v10_all_notab_bce_w6_h128",
    "test_ap": 0.16730405081824196,
    "test_auc": 0.7723884598884598,
    "val_ap": 0.2945261470811717
  }
}