src_id,dst_id,weight,equity_change_link_cnt
136,2197,0.8374206697163701,2
2197,136,0.8374206697163701,2
2265,3786,0.7672337239126434,1
3786,2265,0.7672337239126434,1
