src_id,dst_id,weight,guarantee_amount_sum,guarantee_event_cnt
364,16,9.332646496360152,11300.0,7
2212,2165,10.74507628970625,46400.0,1
